{
    "losses": [
        2.272906541824341
    ],
    "accuracies": [
        0.0
    ],
    "plasticity_per_task": [
        0.005347073078155518
    ],
    "task": "label_permuted_cifar10_stats",
    "learner": "KernelConvexCombi",
    "network": "convolutional_network_relu_with_hooks",
    "optimizer_hps": {
        "lr": 0.01,
        "beta_utility": 0.999,
        "sigma": 0.001,
        "weight_decay": 0.0
    },
    "n_samples": 1000000,
    "seed": 19,
    "n_dead_units_per_task": [
        0.4362745098039216
    ],
    "weight_rank_per_task": [
        1.0
    ],
    "weight_l2_per_task": [
        8.861763000488281
    ],
    "weight_l1_per_task": [
        1828.9588623046875
    ],
    "grad_l2_per_task": [
        0.9243966341018677
    ],
    "grad_l0_per_task": [
        0.5707948842480168
    ],
    "grad_l1_per_task": [
        105.65394592285156
    ]
}